,offspring,model
0,24,high_var
1,106,high_var
2,122,high_var
3,105,high_var
4,90,high_var
5,114,high_var
6,93,high_var
7,100,high_var
8,475,high_var
9,80,high_var
10,81,high_var
11,101,high_var
12,108,high_var
13,90,high_var
14,83,high_var
15,99,high_var
16,103,high_var
17,99,high_var
18,122,high_var
19,98,high_var
20,18,high_var
21,111,high_var
22,143,high_var
23,94,high_var
24,122,high_var
25,33,high_var
26,77,high_var
27,110,high_var
28,84,high_var
29,103,high_var
30,103,high_var
31,520,high_var
32,87,high_var
33,115,high_var
34,107,high_var
35,96,high_var
36,21,high_var
37,99,high_var
38,84,high_var
39,99,high_var
40,503,high_var
41,103,high_var
42,125,high_var
43,98,high_var
44,82,high_var
45,495,high_var
46,93,high_var
47,15,high_var
48,108,high_var
49,84,high_var
50,83,high_var
51,101,high_var
52,118,high_var
53,23,high_var
54,67,high_var
55,84,high_var
56,105,high_var
57,85,high_var
58,88,high_var
59,481,high_var
60,105,high_var
61,104,high_var
62,96,high_var
63,95,high_var
64,88,high_var
65,92,high_var
66,107,high_var
67,15,high_var
68,383,high_var
69,16,high_var
70,111,high_var
71,96,high_var
72,97,high_var
73,76,high_var
74,117,high_var
75,490,high_var
76,97,high_var
77,86,high_var
78,112,high_var
79,25,high_var
80,111,high_var
81,100,high_var
82,138,high_var
83,85,high_var
84,12,high_var
85,101,high_var
86,444,high_var
87,102,high_var
88,90,high_var
89,109,high_var
90,89,high_var
91,100,high_var
92,104,high_var
93,114,high_var
94,87,high_var
95,90,high_var
96,87,high_var
97,12,high_var
98,94,high_var
99,93,high_var
100,92,high_var
101,24,high_var
102,111,high_var
103,89,high_var
104,105,high_var
105,110,high_var
106,106,high_var
107,30,high_var
108,144,high_var
109,89,high_var
110,100,high_var
111,93,high_var
112,111,high_var
113,84,high_var
114,560,high_var
115,17,high_var
116,116,high_var
117,94,high_var
118,95,high_var
119,26,high_var
120,90,high_var
121,18,high_var
122,112,high_var
123,94,high_var
124,94,high_var
125,510,high_var
126,111,high_var
127,85,high_var
128,94,high_var
129,119,high_var
130,114,high_var
131,111,high_var
132,118,high_var
133,106,high_var
134,619,high_var
135,93,high_var
136,66,high_var
137,108,high_var
138,98,high_var
139,504,high_var
140,113,high_var
141,98,high_var
142,112,high_var
143,109,high_var
144,98,high_var
145,115,high_var
146,112,high_var
147,83,high_var
148,87,high_var
149,24,high_var
150,520,high_var
151,111,high_var
152,77,high_var
153,99,high_var
154,119,high_var
155,100,high_var
156,125,high_var
157,86,high_var
158,121,high_var
159,25,high_var
160,111,high_var
161,91,high_var
162,109,high_var
163,98,high_var
164,107,high_var
165,93,high_var
166,26,high_var
167,86,high_var
168,91,high_var
169,26,high_var
170,85,high_var
171,118,high_var
172,88,high_var
173,120,high_var
174,108,high_var
175,85,high_var
176,105,high_var
177,118,high_var
178,93,high_var
179,84,high_var
180,112,high_var
181,93,high_var
182,102,high_var
183,67,high_var
184,89,high_var
185,89,high_var
186,118,high_var
187,97,high_var
188,96,high_var
189,92,high_var
190,99,high_var
191,86,high_var
192,114,high_var
193,85,high_var
194,16,high_var
195,492,high_var
196,90,high_var
197,88,high_var
198,95,high_var
199,73,high_var
200,127,high_var
201,90,high_var
202,117,high_var
203,74,high_var
204,74,high_var
205,111,high_var
206,94,high_var
207,103,high_var
208,113,high_var
209,98,high_var
210,102,high_var
211,26,high_var
212,111,high_var
213,98,high_var
214,458,high_var
215,93,high_var
216,101,high_var
217,98,high_var
218,82,high_var
219,106,high_var
220,78,high_var
221,100,high_var
222,86,high_var
223,120,high_var
224,431,high_var
225,113,high_var
226,117,high_var
227,105,high_var
228,515,high_var
229,486,high_var
230,95,high_var
231,106,high_var
232,89,high_var
233,476,high_var
234,106,high_var
235,74,high_var
236,83,high_var
237,104,high_var
238,97,high_var
239,96,high_var
240,117,high_var
241,69,high_var
242,87,high_var
243,101,high_var
244,122,high_var
245,14,high_var
246,109,high_var
247,112,high_var
248,73,high_var
249,93,high_var
250,109,high_var
251,100,high_var
252,113,high_var
253,25,high_var
254,102,high_var
255,112,high_var
256,411,high_var
257,112,high_var
258,14,high_var
259,103,high_var
260,116,high_var
261,91,high_var
262,79,high_var
263,399,high_var
264,22,high_var
265,85,high_var
266,109,high_var
267,103,high_var
268,437,high_var
269,84,high_var
270,23,high_var
271,405,high_var
272,122,high_var
273,103,high_var
274,88,high_var
275,119,high_var
276,110,high_var
277,106,high_var
278,109,high_var
279,463,high_var
280,83,high_var
281,120,high_var
282,80,high_var
283,19,high_var
284,93,high_var
285,112,high_var
286,95,high_var
287,25,high_var
288,112,high_var
289,100,high_var
290,81,high_var
291,107,high_var
292,91,high_var
293,107,high_var
294,108,high_var
295,563,high_var
296,85,high_var
297,102,high_var
298,101,high_var
299,107,high_var
300,547,high_var
301,114,high_var
302,82,high_var
303,115,high_var
304,103,high_var
305,88,high_var
306,84,high_var
307,114,high_var
308,124,high_var
309,101,high_var
310,100,high_var
311,93,high_var
312,109,high_var
313,420,high_var
314,106,high_var
315,119,high_var
316,93,high_var
317,101,high_var
318,98,high_var
319,114,high_var
320,97,high_var
321,100,high_var
322,86,high_var
323,84,high_var
324,102,high_var
325,72,high_var
326,85,high_var
327,482,high_var
328,103,high_var
329,406,high_var
330,101,high_var
331,104,high_var
332,22,high_var
333,102,high_var
334,99,high_var
335,23,high_var
336,111,high_var
337,104,high_var
338,26,high_var
339,102,high_var
340,100,high_var
341,90,high_var
342,70,high_var
343,88,high_var
344,81,high_var
345,400,high_var
346,462,high_var
347,498,high_var
348,113,high_var
349,83,high_var
350,97,high_var
351,121,high_var
352,21,high_var
353,105,high_var
354,99,high_var
355,84,high_var
356,106,high_var
357,110,high_var
358,81,high_var
359,97,high_var
360,87,high_var
361,80,high_var
362,116,high_var
363,100,high_var
364,116,high_var
365,108,high_var
366,138,high_var
367,101,high_var
368,100,high_var
369,20,high_var
370,123,high_var
371,93,high_var
372,97,high_var
373,100,high_var
374,17,high_var
375,81,high_var
376,122,high_var
377,115,high_var
378,96,high_var
379,413,high_var
380,90,high_var
381,14,high_var
382,108,high_var
383,92,high_var
384,85,high_var
385,101,high_var
386,121,high_var
387,91,high_var
388,17,high_var
389,82,high_var
390,104,high_var
391,124,high_var
392,108,high_var
393,102,high_var
394,101,high_var
395,93,high_var
396,28,high_var
397,78,high_var
398,463,high_var
399,105,high_var
400,27,high_var
401,96,high_var
402,92,high_var
403,518,high_var
404,93,high_var
405,65,high_var
406,96,high_var
407,115,high_var
408,92,high_var
409,112,high_var
410,104,high_var
411,108,high_var
412,91,high_var
413,94,high_var
414,466,high_var
415,488,high_var
416,93,high_var
417,99,high_var
418,17,high_var
419,91,high_var
420,20,high_var
421,17,high_var
422,118,high_var
423,113,high_var
424,107,high_var
425,17,high_var
426,103,high_var
427,468,high_var
428,98,high_var
429,88,high_var
430,99,high_var
431,381,high_var
432,103,high_var
433,75,high_var
434,70,high_var
435,128,high_var
436,109,high_var
437,110,high_var
438,521,high_var
439,19,high_var
440,104,high_var
441,25,high_var
442,130,high_var
443,97,high_var
444,90,high_var
445,95,high_var
446,105,high_var
447,30,high_var
448,112,high_var
449,17,high_var
450,95,high_var
451,507,high_var
452,85,high_var
453,88,high_var
454,103,high_var
455,116,high_var
456,495,high_var
457,112,high_var
458,591,high_var
459,486,high_var
460,80,high_var
461,124,high_var
462,420,high_var
463,99,high_var
464,78,high_var
465,18,high_var
466,104,high_var
467,110,high_var
468,569,high_var
469,122,high_var
470,20,high_var
471,100,high_var
472,119,high_var
473,95,high_var
474,393,high_var
475,526,high_var
476,13,high_var
477,106,high_var
478,107,high_var
479,75,high_var
480,96,high_var
481,99,high_var
482,117,high_var
483,113,high_var
484,91,high_var
485,25,high_var
486,83,high_var
487,547,high_var
488,568,high_var
489,90,high_var
490,416,high_var
491,32,high_var
492,109,high_var
493,118,high_var
494,116,high_var
495,459,high_var
496,105,high_var
497,92,high_var
498,95,high_var
499,15,high_var
500,20,high_var
501,126,high_var
502,96,high_var
503,502,high_var
504,104,high_var
505,420,high_var
506,85,high_var
507,22,high_var
508,86,high_var
509,435,high_var
510,87,high_var
511,90,high_var
512,107,high_var
513,98,high_var
514,119,high_var
515,85,high_var
516,18,high_var
517,26,high_var
518,125,high_var
519,92,high_var
520,470,high_var
521,112,high_var
522,107,high_var
523,95,high_var
524,93,high_var
525,570,high_var
526,115,high_var
527,94,high_var
528,86,high_var
529,522,high_var
530,400,high_var
531,115,high_var
532,17,high_var
533,106,high_var
534,502,high_var
535,26,high_var
536,109,high_var
537,65,high_var
538,95,high_var
539,100,high_var
540,124,high_var
541,100,high_var
542,102,high_var
543,82,high_var
544,91,high_var
545,23,high_var
546,101,high_var
547,90,high_var
548,103,high_var
549,104,high_var
550,109,high_var
551,104,high_var
552,104,high_var
553,7,high_var
554,93,high_var
555,112,high_var
556,83,high_var
557,96,high_var
558,93,high_var
559,116,high_var
560,85,high_var
561,119,high_var
562,22,high_var
563,80,high_var
564,22,high_var
565,95,high_var
566,97,high_var
567,87,high_var
568,111,high_var
569,19,high_var
570,89,high_var
571,118,high_var
572,100,high_var
573,121,high_var
574,109,high_var
575,70,high_var
576,84,high_var
577,18,high_var
578,473,high_var
579,77,high_var
580,101,high_var
581,74,high_var
582,115,high_var
583,100,high_var
584,90,high_var
585,82,high_var
586,102,high_var
587,95,high_var
588,91,high_var
589,510,high_var
590,130,high_var
591,86,high_var
592,98,high_var
593,69,high_var
594,111,high_var
595,101,high_var
596,11,high_var
597,508,high_var
598,93,high_var
599,89,high_var
600,20,high_var
601,103,high_var
602,21,high_var
603,86,high_var
604,99,high_var
605,103,high_var
606,533,high_var
607,110,high_var
608,78,high_var
609,98,high_var
610,96,high_var
611,94,high_var
612,98,high_var
613,81,high_var
614,100,high_var
615,91,high_var
616,93,high_var
617,90,high_var
618,115,high_var
619,118,high_var
620,516,high_var
621,113,high_var
622,93,high_var
623,14,high_var
624,119,high_var
625,91,high_var
626,102,high_var
627,105,high_var
628,100,high_var
629,90,high_var
630,107,high_var
631,99,high_var
632,110,high_var
633,92,high_var
634,92,high_var
635,90,high_var
636,102,high_var
637,105,high_var
638,98,high_var
639,117,high_var
640,143,high_var
641,122,high_var
642,118,high_var
643,110,high_var
644,88,high_var
645,98,high_var
646,26,high_var
647,21,high_var
648,92,high_var
649,114,high_var
650,24,high_var
651,117,high_var
652,111,high_var
653,99,high_var
654,73,high_var
655,70,high_var
656,89,high_var
657,83,high_var
658,108,high_var
659,89,high_var
660,93,high_var
661,85,high_var
662,89,high_var
663,102,high_var
664,114,high_var
665,118,high_var
666,90,high_var
667,98,high_var
668,98,high_var
669,113,high_var
670,88,high_var
671,95,high_var
672,97,high_var
673,119,high_var
674,117,high_var
675,121,high_var
676,84,high_var
677,75,high_var
678,103,high_var
679,98,high_var
680,104,high_var
681,92,high_var
682,384,high_var
683,99,high_var
684,528,high_var
685,82,high_var
686,99,high_var
687,98,high_var
688,106,high_var
689,121,high_var
690,18,high_var
691,115,high_var
692,95,high_var
693,67,high_var
694,106,high_var
695,92,high_var
696,112,high_var
697,73,high_var
698,92,high_var
699,100,high_var
700,498,high_var
701,82,high_var
702,87,high_var
703,106,high_var
704,118,high_var
705,16,high_var
706,116,high_var
707,69,high_var
708,99,high_var
709,74,high_var
710,123,high_var
711,114,high_var
712,122,high_var
713,112,high_var
714,101,high_var
715,119,high_var
716,99,high_var
717,124,high_var
718,91,high_var
719,16,high_var
720,106,high_var
721,96,high_var
722,113,high_var
723,109,high_var
724,84,high_var
725,482,high_var
726,473,high_var
727,508,high_var
728,112,high_var
729,93,high_var
730,112,high_var
731,110,high_var
732,103,high_var
733,91,high_var
734,100,high_var
735,118,high_var
736,113,high_var
737,89,high_var
738,116,high_var
739,94,high_var
740,95,high_var
741,93,high_var
742,11,high_var
743,84,high_var
744,87,high_var
745,113,high_var
746,102,high_var
747,112,high_var
748,94,high_var
749,111,high_var
750,93,high_var
751,498,high_var
752,111,high_var
753,124,high_var
754,105,high_var
755,100,high_var
756,112,high_var
757,103,high_var
758,16,high_var
759,91,high_var
760,102,high_var
761,110,high_var
762,92,high_var
763,91,high_var
764,111,high_var
765,115,high_var
766,114,high_var
767,83,high_var
768,129,high_var
769,90,high_var
770,109,high_var
771,91,high_var
772,83,high_var
773,111,high_var
774,80,high_var
775,94,high_var
776,124,high_var
777,105,high_var
778,91,high_var
779,115,high_var
780,103,high_var
781,101,high_var
782,104,high_var
783,88,high_var
784,93,high_var
785,80,high_var
786,91,high_var
787,115,high_var
788,80,high_var
789,126,high_var
790,116,high_var
791,98,high_var
792,101,high_var
793,442,high_var
794,117,high_var
795,81,high_var
796,101,high_var
797,87,high_var
798,86,high_var
799,97,high_var
800,24,high_var
801,90,high_var
802,95,high_var
803,97,high_var
804,94,high_var
805,115,high_var
806,76,high_var
807,109,high_var
808,29,high_var
809,15,high_var
810,97,high_var
811,93,high_var
812,108,high_var
813,97,high_var
814,436,high_var
815,97,high_var
816,88,high_var
817,81,high_var
818,111,high_var
819,106,high_var
820,445,high_var
821,114,high_var
822,70,high_var
823,87,high_var
824,87,high_var
825,448,high_var
826,66,high_var
827,100,high_var
828,507,high_var
829,107,high_var
830,99,high_var
831,91,high_var
832,112,high_var
833,95,high_var
834,480,high_var
835,17,high_var
836,129,high_var
837,115,high_var
838,108,high_var
839,83,high_var
840,85,high_var
841,104,high_var
842,97,high_var
843,97,high_var
844,92,high_var
845,103,high_var
846,97,high_var
847,531,high_var
848,100,high_var
849,110,high_var
850,464,high_var
851,123,high_var
852,93,high_var
853,86,high_var
854,104,high_var
855,118,high_var
856,104,high_var
857,104,high_var
858,83,high_var
859,109,high_var
860,84,high_var
861,110,high_var
862,85,high_var
863,116,high_var
864,461,high_var
865,87,high_var
866,12,high_var
867,86,high_var
868,105,high_var
869,94,high_var
870,84,high_var
871,13,high_var
872,111,high_var
873,95,high_var
874,90,high_var
875,19,high_var
876,519,high_var
877,92,high_var
878,101,high_var
879,90,high_var
880,104,high_var
881,102,high_var
882,82,high_var
883,71,high_var
884,83,high_var
885,101,high_var
886,88,high_var
887,100,high_var
888,79,high_var
889,133,high_var
890,91,high_var
891,83,high_var
892,111,high_var
893,489,high_var
894,97,high_var
895,81,high_var
896,111,high_var
897,455,high_var
898,83,high_var
899,92,high_var
900,423,high_var
901,120,high_var
902,100,high_var
903,112,high_var
904,108,high_var
905,91,high_var
906,128,high_var
907,92,high_var
908,116,high_var
909,496,high_var
910,93,high_var
911,105,high_var
912,88,high_var
913,115,high_var
914,111,high_var
915,78,high_var
916,28,high_var
917,105,high_var
918,24,high_var
919,98,high_var
920,107,high_var
921,138,high_var
922,90,high_var
923,27,high_var
924,21,high_var
925,89,high_var
926,93,high_var
927,124,high_var
928,116,high_var
929,83,high_var
930,26,high_var
931,94,high_var
932,94,high_var
933,533,high_var
934,66,high_var
935,92,high_var
936,90,high_var
937,16,high_var
938,110,high_var
939,90,high_var
940,102,high_var
941,95,high_var
942,107,high_var
943,79,high_var
944,22,high_var
945,111,high_var
946,104,high_var
947,113,high_var
948,77,high_var
949,81,high_var
950,105,high_var
951,101,high_var
952,115,high_var
953,78,high_var
954,122,high_var
955,116,high_var
956,97,high_var
957,123,high_var
958,95,high_var
959,104,high_var
960,122,high_var
961,96,high_var
962,124,high_var
963,60,high_var
964,585,high_var
965,533,high_var
966,87,high_var
967,108,high_var
968,121,high_var
969,21,high_var
970,19,high_var
971,134,high_var
972,106,high_var
973,100,high_var
974,17,high_var
975,99,high_var
976,78,high_var
977,454,high_var
978,113,high_var
979,98,high_var
980,119,high_var
981,18,high_var
982,111,high_var
983,105,high_var
984,17,high_var
985,111,high_var
986,112,high_var
987,75,high_var
988,121,high_var
989,107,high_var
990,86,high_var
991,109,high_var
992,130,high_var
993,101,high_var
994,69,high_var
995,99,high_var
996,104,high_var
997,97,high_var
998,97,high_var
999,101,high_var
1000,85,high_var
1001,90,high_var
1002,103,high_var
1003,491,high_var
1004,83,high_var
1005,80,high_var
1006,134,high_var
1007,132,high_var
1008,21,high_var
1009,75,high_var
1010,120,high_var
1011,82,high_var
1012,18,high_var
1013,452,high_var
1014,512,high_var
1015,129,high_var
1016,70,high_var
1017,90,high_var
1018,26,high_var
1019,118,high_var
1020,59,high_var
1021,20,high_var
1022,92,high_var
1023,20,high_var
1024,89,high_var
1025,25,high_var
1026,514,high_var
1027,72,high_var
1028,72,high_var
1029,106,high_var
1030,136,high_var
1031,104,high_var
1032,84,high_var
1033,95,high_var
1034,104,high_var
1035,416,high_var
1036,99,high_var
1037,115,high_var
1038,91,high_var
1039,93,high_var
1040,97,high_var
1041,100,high_var
1042,106,high_var
1043,106,high_var
1044,104,high_var
1045,106,high_var
1046,83,high_var
1047,454,high_var
1048,128,high_var
1049,94,high_var
1050,109,high_var
1051,120,high_var
1052,99,high_var
1053,426,high_var
1054,450,high_var
1055,11,high_var
1056,94,high_var
1057,113,high_var
1058,132,high_var
1059,111,high_var
1060,131,high_var
1061,89,high_var
1062,79,high_var
1063,108,high_var
1064,89,high_var
1065,119,high_var
1066,103,high_var
1067,105,high_var
1068,93,high_var
1069,99,high_var
1070,513,high_var
1071,507,high_var
1072,92,high_var
1073,20,high_var
1074,72,high_var
1075,97,high_var
1076,120,high_var
1077,459,high_var
1078,66,high_var
1079,90,high_var
1080,104,high_var
1081,116,high_var
1082,105,high_var
1083,110,high_var
1084,455,high_var
1085,120,high_var
1086,101,high_var
1087,91,high_var
1088,77,high_var
1089,82,high_var
1090,515,high_var
1091,113,high_var
1092,92,high_var
1093,121,high_var
1094,485,high_var
1095,79,high_var
1096,103,high_var
1097,79,high_var
1098,81,high_var
1099,17,high_var
1100,95,high_var
1101,89,high_var
1102,440,high_var
1103,113,high_var
1104,104,high_var
1105,115,high_var
1106,96,high_var
1107,87,high_var
1108,100,high_var
1109,82,high_var
1110,114,high_var
1111,119,high_var
1112,19,high_var
1113,20,high_var
1114,88,high_var
1115,30,high_var
1116,117,high_var
1117,122,high_var
1118,408,high_var
1119,18,high_var
1120,402,high_var
1121,16,high_var
1122,486,high_var
1123,102,high_var
1124,92,high_var
1125,108,high_var
1126,121,high_var
1127,81,high_var
1128,126,high_var
1129,469,high_var
1130,91,high_var
1131,132,high_var
1132,101,high_var
1133,103,high_var
1134,82,high_var
1135,114,high_var
1136,13,high_var
1137,516,high_var
1138,17,high_var
1139,93,high_var
1140,105,high_var
1141,114,high_var
1142,21,high_var
1143,93,high_var
1144,479,high_var
1145,111,high_var
1146,12,high_var
1147,99,high_var
1148,494,high_var
1149,21,high_var
1150,526,high_var
1151,81,high_var
1152,116,high_var
1153,86,high_var
1154,121,high_var
1155,84,high_var
1156,113,high_var
1157,79,high_var
1158,96,high_var
1159,79,high_var
1160,92,high_var
1161,87,high_var
1162,15,high_var
1163,99,high_var
1164,126,high_var
1165,103,high_var
1166,69,high_var
1167,16,high_var
1168,106,high_var
1169,102,high_var
1170,101,high_var
1171,67,high_var
1172,113,high_var
1173,84,high_var
1174,92,high_var
1175,96,high_var
1176,16,high_var
1177,101,high_var
1178,113,high_var
1179,86,high_var
1180,114,high_var
1181,21,high_var
1182,95,high_var
1183,83,high_var
1184,104,high_var
1185,99,high_var
1186,21,high_var
1187,101,high_var
1188,86,high_var
1189,114,high_var
1190,93,high_var
1191,81,high_var
1192,114,high_var
1193,118,high_var
1194,111,high_var
1195,109,high_var
1196,94,high_var
1197,96,high_var
1198,19,high_var
1199,111,high_var
1200,101,high_var
1201,108,high_var
1202,91,high_var
1203,113,high_var
1204,101,high_var
1205,32,high_var
1206,79,high_var
1207,447,high_var
1208,100,high_var
1209,95,high_var
1210,80,high_var
1211,76,high_var
1212,95,high_var
1213,81,high_var
1214,21,high_var
1215,90,high_var
1216,120,high_var
1217,95,high_var
1218,114,high_var
1219,81,high_var
1220,19,high_var
1221,92,high_var
1222,122,high_var
1223,110,high_var
1224,114,high_var
1225,82,high_var
1226,79,high_var
1227,81,high_var
1228,86,high_var
1229,120,high_var
1230,109,high_var
1231,91,high_var
1232,14,high_var
1233,107,high_var
1234,102,high_var
1235,127,high_var
1236,100,high_var
1237,95,high_var
1238,92,high_var
1239,486,high_var
1240,96,high_var
1241,97,high_var
1242,94,high_var
1243,98,high_var
1244,112,high_var
1245,15,high_var
1246,24,high_var
1247,86,high_var
1248,90,high_var
1249,85,high_var
1250,94,high_var
1251,22,high_var
1252,12,high_var
1253,85,high_var
1254,24,high_var
1255,123,high_var
1256,84,high_var
1257,100,high_var
1258,94,high_var
1259,97,high_var
1260,99,high_var
1261,85,high_var
1262,125,high_var
1263,108,high_var
1264,353,high_var
1265,84,high_var
1266,118,high_var
1267,106,high_var
1268,27,high_var
1269,79,high_var
1270,496,high_var
1271,78,high_var
1272,111,high_var
1273,18,high_var
1274,85,high_var
1275,119,high_var
1276,29,high_var
1277,98,high_var
1278,101,high_var
1279,468,high_var
1280,99,high_var
1281,102,high_var
1282,106,high_var
1283,115,high_var
1284,81,high_var
1285,86,high_var
1286,103,high_var
1287,99,high_var
1288,91,high_var
1289,117,high_var
1290,86,high_var
1291,90,high_var
1292,509,high_var
1293,97,high_var
1294,110,high_var
1295,10,high_var
1296,90,high_var
1297,103,high_var
1298,104,high_var
1299,107,high_var
1300,88,high_var
1301,61,high_var
1302,108,high_var
1303,91,high_var
1304,105,high_var
1305,100,high_var
1306,74,high_var
1307,107,high_var
1308,18,high_var
1309,109,high_var
1310,116,high_var
1311,19,high_var
1312,97,high_var
1313,90,high_var
1314,106,high_var
1315,72,high_var
1316,14,high_var
1317,99,high_var
1318,80,high_var
1319,78,high_var
1320,125,high_var
1321,442,high_var
1322,109,high_var
1323,97,high_var
1324,79,high_var
1325,101,high_var
1326,132,high_var
1327,116,high_var
1328,97,high_var
1329,115,high_var
1330,20,high_var
1331,101,high_var
1332,22,high_var
1333,32,high_var
1334,19,high_var
1335,102,high_var
1336,585,high_var
1337,83,high_var
1338,82,high_var
1339,115,high_var
1340,89,high_var
1341,83,high_var
1342,93,high_var
1343,112,high_var
1344,529,high_var
1345,91,high_var
1346,110,high_var
1347,111,high_var
1348,507,high_var
1349,134,high_var
1350,95,high_var
1351,89,high_var
1352,97,high_var
1353,91,high_var
1354,94,high_var
1355,476,high_var
1356,15,high_var
1357,82,high_var
1358,498,high_var
1359,94,high_var
1360,86,high_var
1361,25,high_var
1362,102,high_var
1363,84,high_var
1364,74,high_var
1365,92,high_var
1366,98,high_var
1367,115,high_var
1368,75,high_var
1369,99,high_var
1370,109,high_var
1371,580,high_var
1372,384,high_var
1373,118,high_var
1374,95,high_var
1375,517,high_var
1376,113,high_var
1377,89,high_var
1378,104,high_var
1379,22,high_var
1380,18,high_var
1381,98,high_var
1382,30,high_var
1383,126,high_var
1384,104,high_var
1385,102,high_var
1386,86,high_var
1387,95,high_var
1388,96,high_var
1389,488,high_var
1390,105,high_var
1391,99,high_var
1392,85,high_var
1393,96,high_var
1394,98,high_var
1395,106,high_var
1396,132,high_var
1397,107,high_var
1398,22,high_var
1399,108,high_var
1400,105,high_var
1401,74,high_var
1402,89,high_var
1403,107,high_var
1404,93,high_var
1405,101,high_var
1406,20,high_var
1407,85,high_var
1408,97,high_var
1409,103,high_var
1410,96,high_var
1411,551,high_var
1412,108,high_var
1413,87,high_var
1414,109,high_var
1415,84,high_var
1416,115,high_var
1417,100,high_var
1418,453,high_var
1419,109,high_var
1420,94,high_var
1421,99,high_var
1422,96,high_var
1423,519,high_var
1424,138,high_var
1425,525,high_var
1426,19,high_var
1427,422,high_var
1428,71,high_var
1429,108,high_var
1430,90,high_var
1431,18,high_var
1432,122,high_var
1433,101,high_var
1434,100,high_var
1435,103,high_var
1436,71,high_var
1437,82,high_var
1438,91,high_var
1439,9,high_var
1440,87,high_var
1441,90,high_var
1442,471,high_var
1443,109,high_var
1444,89,high_var
1445,98,high_var
1446,490,high_var
1447,111,high_var
1448,19,high_var
1449,97,high_var
1450,122,high_var
1451,101,high_var
1452,122,high_var
1453,21,high_var
1454,94,high_var
1455,77,high_var
1456,112,high_var
1457,100,high_var
1458,489,high_var
1459,95,high_var
1460,96,high_var
1461,109,high_var
1462,81,high_var
1463,89,high_var
1464,104,high_var
1465,85,high_var
1466,88,high_var
1467,103,high_var
1468,28,high_var
1469,100,high_var
1470,99,high_var
1471,88,high_var
1472,76,high_var
1473,92,high_var
1474,92,high_var
1475,117,high_var
1476,83,high_var
1477,96,high_var
1478,102,high_var
1479,101,high_var
1480,116,high_var
1481,86,high_var
1482,95,high_var
1483,96,high_var
1484,85,high_var
1485,83,high_var
1486,113,high_var
1487,523,high_var
1488,25,high_var
1489,92,high_var
1490,113,high_var
1491,129,high_var
1492,98,high_var
1493,114,high_var
1494,22,high_var
1495,470,high_var
1496,78,high_var
1497,109,high_var
1498,27,high_var
1499,120,high_var
1500,68,high_var
1501,104,high_var
1502,125,high_var
1503,18,high_var
1504,105,high_var
1505,126,high_var
1506,16,high_var
1507,115,high_var
1508,98,high_var
1509,451,high_var
1510,115,high_var
1511,18,high_var
1512,86,high_var
1513,20,high_var
1514,428,high_var
1515,121,high_var
1516,81,high_var
1517,18,high_var
1518,123,high_var
1519,97,high_var
1520,103,high_var
1521,96,high_var
1522,95,high_var
1523,103,high_var
1524,83,high_var
1525,91,high_var
1526,102,high_var
1527,25,high_var
1528,96,high_var
1529,497,high_var
1530,85,high_var
1531,90,high_var
1532,80,high_var
1533,105,high_var
1534,107,high_var
1535,71,high_var
1536,104,high_var
1537,91,high_var
1538,109,high_var
1539,94,high_var
1540,506,high_var
1541,113,high_var
1542,106,high_var
1543,22,high_var
1544,113,high_var
1545,119,high_var
1546,29,high_var
1547,109,high_var
1548,111,high_var
1549,103,high_var
1550,83,high_var
1551,95,high_var
1552,94,high_var
1553,92,high_var
1554,90,high_var
1555,87,high_var
1556,25,high_var
1557,17,high_var
1558,80,high_var
1559,23,high_var
1560,99,high_var
1561,103,high_var
1562,98,high_var
1563,25,high_var
1564,91,high_var
1565,84,high_var
1566,118,high_var
1567,122,high_var
1568,102,high_var
1569,106,high_var
1570,118,high_var
1571,457,high_var
1572,104,high_var
1573,22,high_var
1574,505,high_var
1575,108,high_var
1576,96,high_var
1577,101,high_var
1578,134,high_var
1579,461,high_var
1580,95,high_var
1581,23,high_var
1582,88,high_var
1583,116,high_var
1584,75,high_var
1585,106,high_var
1586,94,high_var
1587,74,high_var
1588,121,high_var
1589,111,high_var
1590,110,high_var
1591,99,high_var
1592,103,high_var
1593,107,high_var
1594,80,high_var
1595,102,high_var
1596,93,high_var
1597,454,high_var
1598,77,high_var
1599,513,high_var
1600,23,high_var
1601,116,high_var
1602,95,high_var
1603,101,high_var
1604,81,high_var
1605,97,high_var
1606,101,high_var
1607,101,high_var
1608,90,high_var
1609,142,high_var
1610,121,high_var
1611,99,high_var
1612,74,high_var
1613,94,high_var
1614,94,high_var
1615,123,high_var
1616,505,high_var
1617,74,high_var
1618,100,high_var
1619,96,high_var
1620,104,high_var
1621,95,high_var
1622,131,high_var
1623,94,high_var
1624,385,high_var
1625,510,high_var
1626,110,high_var
1627,116,high_var
1628,88,high_var
1629,438,high_var
1630,107,high_var
1631,85,high_var
1632,80,high_var
1633,92,high_var
1634,96,high_var
1635,111,high_var
1636,111,high_var
1637,124,high_var
1638,96,high_var
1639,84,high_var
1640,118,high_var
1641,112,high_var
1642,106,high_var
1643,96,high_var
1644,101,high_var
1645,96,high_var
1646,87,high_var
1647,104,high_var
1648,96,high_var
1649,397,high_var
1650,99,high_var
1651,108,high_var
1652,106,high_var
1653,142,high_var
1654,97,high_var
1655,97,high_var
1656,108,high_var
1657,92,high_var
1658,101,high_var
1659,104,high_var
1660,110,high_var
1661,468,high_var
1662,104,high_var
1663,100,high_var
1664,99,high_var
1665,94,high_var
1666,105,high_var
1667,116,high_var
1668,549,high_var
1669,74,high_var
1670,72,high_var
1671,82,high_var
1672,118,high_var
1673,116,high_var
1674,507,high_var
1675,97,high_var
1676,543,high_var
1677,89,high_var
1678,91,high_var
1679,80,high_var
1680,89,high_var
1681,92,high_var
1682,115,high_var
1683,95,high_var
1684,108,high_var
1685,103,high_var
1686,115,high_var
1687,107,high_var
1688,80,high_var
1689,90,high_var
1690,84,high_var
1691,106,high_var
1692,116,high_var
1693,94,high_var
1694,418,high_var
1695,405,high_var
1696,91,high_var
1697,107,high_var
1698,106,high_var
1699,86,high_var
1700,93,high_var
1701,107,high_var
1702,131,high_var
1703,101,high_var
1704,110,high_var
1705,113,high_var
1706,70,high_var
1707,539,high_var
1708,98,high_var
1709,115,high_var
1710,496,high_var
1711,105,high_var
1712,75,high_var
1713,96,high_var
1714,97,high_var
1715,107,high_var
1716,94,high_var
1717,109,high_var
1718,87,high_var
1719,96,high_var
1720,92,high_var
1721,110,high_var
1722,78,high_var
1723,116,high_var
1724,107,high_var
1725,107,high_var
1726,9,high_var
1727,459,high_var
1728,95,high_var
1729,24,high_var
1730,388,high_var
1731,80,high_var
1732,100,high_var
1733,83,high_var
1734,100,high_var
1735,8,high_var
1736,85,high_var
1737,89,high_var
1738,111,high_var
1739,93,high_var
1740,116,high_var
1741,387,high_var
1742,24,high_var
1743,123,high_var
1744,501,high_var
1745,96,high_var
1746,89,high_var
1747,96,high_var
1748,87,high_var
1749,94,high_var
1750,118,high_var
1751,97,high_var
1752,86,high_var
1753,99,high_var
1754,103,high_var
1755,85,high_var
1756,104,high_var
1757,84,high_var
1758,94,high_var
1759,134,high_var
1760,101,high_var
1761,84,high_var
1762,100,high_var
1763,79,high_var
1764,98,high_var
1765,109,high_var
1766,563,high_var
1767,550,high_var
1768,90,high_var
1769,103,high_var
1770,117,high_var
1771,115,high_var
1772,103,high_var
1773,95,high_var
1774,94,high_var
1775,103,high_var
1776,106,high_var
1777,101,high_var
1778,518,high_var
1779,109,high_var
1780,98,high_var
1781,97,high_var
1782,450,high_var
1783,100,high_var
1784,114,high_var
1785,400,high_var
1786,86,high_var
1787,479,high_var
1788,86,high_var
1789,120,high_var
1790,78,high_var
1791,95,high_var
1792,116,high_var
1793,118,high_var
1794,23,high_var
1795,118,high_var
1796,122,high_var
1797,82,high_var
1798,102,high_var
1799,101,high_var
1800,110,high_var
1801,106,high_var
1802,87,high_var
1803,105,high_var
1804,95,high_var
1805,90,high_var
1806,94,high_var
1807,114,high_var
1808,82,high_var
1809,447,high_var
1810,117,high_var
1811,112,high_var
1812,89,high_var
1813,107,high_var
1814,88,high_var
1815,111,high_var
1816,109,high_var
1817,82,high_var
1818,105,high_var
1819,71,high_var
1820,92,high_var
1821,95,high_var
1822,102,high_var
1823,103,high_var
1824,95,high_var
1825,129,high_var
1826,81,high_var
1827,111,high_var
1828,79,high_var
1829,93,high_var
1830,107,high_var
1831,87,high_var
1832,494,high_var
1833,88,high_var
1834,93,high_var
1835,541,high_var
1836,88,high_var
1837,112,high_var
1838,503,high_var
1839,125,high_var
1840,114,high_var
1841,100,high_var
1842,102,high_var
1843,94,high_var
1844,97,high_var
1845,102,high_var
1846,25,high_var
1847,17,high_var
1848,506,high_var
1849,519,high_var
1850,108,high_var
1851,108,high_var
1852,106,high_var
1853,86,high_var
1854,90,high_var
1855,79,high_var
1856,100,high_var
1857,146,high_var
1858,114,high_var
1859,89,high_var
1860,96,high_var
1861,115,high_var
1862,94,high_var
1863,18,high_var
1864,90,high_var
1865,93,high_var
1866,113,high_var
1867,153,high_var
1868,91,high_var
1869,106,high_var
1870,91,high_var
1871,85,high_var
1872,83,high_var
1873,106,high_var
1874,116,high_var
1875,120,high_var
1876,85,high_var
1877,116,high_var
1878,132,high_var
1879,72,high_var
1880,82,high_var
1881,73,high_var
1882,89,high_var
1883,133,high_var
1884,19,high_var
1885,121,high_var
1886,117,high_var
1887,586,high_var
1888,121,high_var
1889,89,high_var
1890,116,high_var
1891,532,high_var
1892,85,high_var
1893,93,high_var
1894,90,high_var
1895,90,high_var
1896,114,high_var
1897,100,high_var
1898,129,high_var
1899,108,high_var
1900,15,high_var
1901,115,high_var
1902,103,high_var
1903,115,high_var
1904,92,high_var
1905,473,high_var
1906,97,high_var
1907,35,high_var
1908,108,high_var
1909,538,high_var
1910,82,high_var
1911,125,high_var
1912,137,high_var
1913,20,high_var
1914,88,high_var
1915,90,high_var
1916,109,high_var
1917,92,high_var
1918,85,high_var
1919,99,high_var
1920,107,high_var
1921,16,high_var
1922,93,high_var
1923,398,high_var
1924,87,high_var
1925,92,high_var
1926,19,high_var
1927,112,high_var
1928,97,high_var
1929,490,high_var
1930,437,high_var
1931,93,high_var
1932,407,high_var
1933,90,high_var
1934,126,high_var
1935,22,high_var
1936,27,high_var
1937,112,high_var
1938,501,high_var
1939,78,high_var
1940,430,high_var
1941,111,high_var
1942,105,high_var
1943,103,high_var
1944,491,high_var
1945,88,high_var
1946,108,high_var
1947,483,high_var
1948,90,high_var
1949,92,high_var
1950,64,high_var
1951,118,high_var
1952,508,high_var
1953,107,high_var
1954,87,high_var
1955,85,high_var
1956,90,high_var
1957,119,high_var
1958,102,high_var
1959,97,high_var
1960,17,high_var
1961,98,high_var
1962,95,high_var
1963,113,high_var
1964,101,high_var
1965,464,high_var
1966,112,high_var
1967,115,high_var
1968,22,high_var
1969,451,high_var
1970,93,high_var
1971,73,high_var
1972,97,high_var
1973,101,high_var
1974,415,high_var
1975,21,high_var
1976,111,high_var
1977,132,high_var
1978,127,high_var
1979,104,high_var
1980,99,high_var
1981,88,high_var
1982,104,high_var
1983,98,high_var
1984,117,high_var
1985,83,high_var
1986,86,high_var
1987,90,high_var
1988,453,high_var
1989,78,high_var
1990,88,high_var
1991,91,high_var
1992,109,high_var
1993,97,high_var
1994,23,high_var
1995,100,high_var
1996,94,high_var
1997,22,high_var
1998,66,high_var
1999,93,high_var
